"0","all_answer_rows <- clean_item_level |>"
"0","  filter(is_nonempty_text(answer)) |>"
"0","  select("
"0","    any_of(c("
"0","      ""participantId"","
"0","      ""group"","
"0","      ""lecture_type"","
"0","      ""practice_type"","
"0","      ""source_file"","
"0","      ""trialId"","
"0","      ""responseId"","
"0","      ""responsePrompt"","
"0","      ""answer"","
"0","      ""duration"","
"0","      ""cleanedDuration"","
"0","      ""status"","
"0","      ""percentComplete"""
"0","    )),"
"0","    everything()"
"0","  ) |>"
"0","  arrange(group, participantId, trialId, responseId)"
"0",""
"0","cat(""All non-empty answer rows:"", nrow(all_answer_rows), ""\n"")"
"1","All non-empty answer rows:"
"1"," "
"1","14435"
"1"," "
"1","
"
